CustomerID,RegistrationDate,Age,Gender,IncomeLevel,Country,TotalPurchases,AverageOrderValue,CustomerLifetimeValue,FavoriteCategory,SecondFavoriteCategory,EmailEngagementRate,SocialMediaEngagementRate,MobileAppUsage,PremiumMember,HasReturnedItems
CUST00024,2023-08-10,64,Female,Medium,USA,6,7.344361391,85.68436662,Sports,Electronics,0.2489509285,0.3198457279,High,No,Yes
CUST00028,2019-07-17,21,Male,Medium,USA,9,160.4380206,1565.887248,Books,Sports,0.4108460409,0.1416072034,Low,Yes,Yes
CUST00078,2019-02-23,52,Other,Medium,USA,2,15.89543153,13.16980119,Beauty,Beauty,0.2595957767,0.1110679795,Low,No,Yes
CUST00083,2018-07-20,19,Male,Medium,USA,5,36.27930272,118.5328592,Home Goods,Food,0.4368924742,0.3986726629,nan,No,No
CUST00097,2020-05-20,19,Male,Medium,USA,9,59.17559272,651.6391011,nan,Toys,0.05646010017,0.3610304764,Medium,Yes,No
CUST00123,2022-03-10,42,Other,Medium,USA,3,12.49182203,148.0172667,Food,nan,0.3269110954,,nan,No,No
CUST00124,2023-08-01,18,Prefer not to say,Medium,USA,7,48.5337094,262.8401752,Clothing,Home Goods,0.3417137227,0.1083998674,High,No,No
CUST00133,2022-01-19,32,Other,Very High,USA,4,933.8074409,3802.693577,nan,Food,0.2094118605,0.3440526164,High,No,No
CUST00134,2021-12-05,44,Other,nan,USA,4,32.44918969,218.9794827,Sports,Home Goods,0.1549885529,0.2651590742,Medium,No,No
CUST00153,2022-05-09,26,Male,Low,USA,5,33.8894429,190.4313231,Sports,Beauty,0.5154698154,0.7692841346,nan,No,No
CUST00155,2022-10-26,49,Other,Medium,USA,2,27.71328782,66.39844747,Beauty,Electronics,0.07086761078,0.2050892685,Never,No,No
CUST00175,2019-10-22,52,Female,nan,USA,3,12.47308243,96.93085858,Home Goods,Books,,0.08061620868,Never,Yes,
CUST00199,2021-03-29,35,Male,Medium,USA,4,16.11728347,98.13035947,Books,Electronics,0.03875631304,0.1959202304,Never,No,No
CUST00243,2020-03-08,34,Male,Low,USA,2,26.97181512,48.29319071,Sports,nan,0.1501728784,0.3765399741,Low,No,
CUST00265,2023-06-30,22,Other,High,USA,6,6.592375817,6.685212867,nan,nan,0.04790732975,0.2678996102,High,Yes,No
CUST00274,2019-09-18,18,Female,Low,USA,5,73.68386497,260.713322,Clothing,Electronics,0.3025106995,0.1247996326,nan,No,No
CUST00277,2021-11-10,35,Female,nan,USA,5,32.37837838,189.8013836,Sports,Food,0.6352858236,0.2191239227,Low,No,No
CUST00327,2021-10-01,18,Prefer not to say,Low,USA,6,28.07587386,25.25909133,nan,Beauty,0.4329884855,0.631170893,Never,No,
CUST00391,2022-06-14,58,Prefer not to say,Low,USA,5,309.213472,1545.714368,Beauty,Electronics,0.4023490589,0.2861211997,Low,No,No
CUST00392,2019-02-22,38,Male,Medium,USA,17,46.09356061,756.6849508,Home Goods,Clothing,0.5655897433,,Medium,No,No
CUST00407,2022-08-15,51,Other,Very High,USA,9,7.023544088,5.058771864,Sports,Clothing,0.01585228291,0.3211083604,Low,No,No
CUST00430,2019-01-31,49,Other,Very High,USA,6,56.34315619,368.0808442,nan,Books,0.4294692739,0.1491258529,Medium,No,Yes
CUST00432,2021-03-13,39,Other,High,USA,4,60.86051771,339.502489,Home Goods,Toys,0.2132889579,0.2021809126,Medium,No,No
CUST00455,2023-01-31,44,Prefer not to say,Very High,USA,6,38.63863843,12.26052542,nan,Home Goods,0.07071860824,0.01550937299,Medium,No,No
CUST00514,2019-01-08,71,Prefer not to say,Low,USA,13,25.08194898,221.0460412,Food,Electronics,,0.1391211441,High,Yes,No
CUST00524,2021-05-09,31,Prefer not to say,Low,USA,7,68.22568658,461.3519997,Home Goods,Electronics,0.3000759653,0.7166445733,Never,No,Yes
CUST00526,2023-07-30,26,Female,nan,USA,3,127.767535,434.598996,Home Goods,Toys,0.3698915511,0.5990955867,nan,Yes,Yes
CUST00532,2019-12-10,30,Other,Medium,USA,4,17.12328274,34.76513519,nan,Books,,0.5274319239,High,No,No
CUST00569,2022-01-09,27,Female,Low,USA,4,7.796037747,51.09958657,Sports,Books,0.3010003821,0.129439192,Medium,No,Yes
CUST00577,2018-09-07,28,Other,Medium,USA,8,89.5097957,746.1573364,Clothing,Clothing,0.2656040072,0.2989340103,nan,No,
CUST00650,2018-02-17,52,Other,nan,USA,3,35.37328065,278.1192182,Beauty,Sports,0.2616328773,0.3269527257,Never,No,No
CUST00658,2022-09-12,36,Male,Medium,USA,5,142.8439985,751.1119994,Beauty,Clothing,0.4866171797,0.3880696949,Never,Yes,No
CUST00681,2023-09-07,43,Prefer not to say,High,USA,3,154.3374411,535.5146283,Books,Toys,0.3556199182,0.04792191555,nan,No,Yes
CUST00682,2019-12-15,54,Prefer not to say,High,USA,6,130.7338696,682.842321,Beauty,Toys,0.07627355318,0.1561938668,nan,No,Yes
CUST00699,2023-09-13,49,Female,nan,USA,6,48.62379537,275.6941259,Electronics,Toys,,0.1214410259,Low,No,No
CUST00732,2018-07-13,32,Prefer not to say,Medium,USA,10,63.33106057,684.6601334,Food,Sports,0.5258186733,0.4207282725,nan,Yes,No
CUST00747,2023-11-08,39,Other,Very High,USA,7,77.08404506,626.8872939,nan,Beauty,0.2960279257,0.07882514265,Low,No,No
CUST00764,2022-06-08,37,Male,High,USA,11,53.51007675,543.6189601,Electronics,Toys,0.3025331693,0.02326587118,Low,Yes,Yes
CUST00766,2021-09-04,42,Other,Low,USA,5,58.75670733,417.5178032,Food,Electronics,0.3055575163,0.1092337223,Never,No,No
CUST00774,2023-05-24,39,Male,Very High,USA,5,81.85641386,428.7955013,Electronics,Clothing,0.6288726842,0.4372633319,Medium,No,No
CUST00777,2019-01-11,35,Male,nan,USA,4,41.91536412,291.7799342,Food,nan,0.1820140356,0.14098153,High,No,No
CUST00778,2021-03-06,46,Male,Low,USA,3,176.3734387,582.4500852,Electronics,Books,0.2598256497,0.2035154883,nan,No,
CUST00784,2021-06-06,54,Male,Medium,USA,12,165.6964116,1991.18876,Beauty,Sports,0.2805979676,0.04104469726,nan,,No
CUST00801,,55,Other,nan,USA,1,15.96422782,186.8736297,nan,Clothing,0.2372241438,0.2548243865,Never,No,No
CUST00805,2020-03-31,19,Prefer not to say,Very High,USA,4,49.56620866,312.7374788,Home Goods,Toys,0.1195787143,0.1285177571,Medium,Yes,No
CUST00807,2023-05-25,30,Female,Very High,USA,2,73.25593954,105.217605,Beauty,Beauty,0.175637372,0.01497999499,High,Yes,
CUST00809,2022-07-28,66,Male,Low,USA,5,95.48389794,506.8899053,Home Goods,Food,0.224943558,0.1059655125,nan,No,No
CUST00838,2023-10-18,18,Male,Low,USA,6,54.1946801,330.9723396,Food,Sports,0.3723273053,0.4688613014,nan,Yes,Yes
CUST00847,2023-12-29,48,Other,Low,USA,2,28.2234422,36.97435133,Beauty,Toys,0.4674579739,0.08936452667,Low,No,No
CUST00877,2019-04-20,41,Prefer not to say,nan,USA,7,46.6310589,332.516911,nan,nan,0.2169295781,0.1677608847,High,No,No
CUST00892,2018-10-12,19,Female,Very High,USA,4,145.4653799,453.5969024,Electronics,nan,0.08180295215,0.3450286419,nan,Yes,Yes
CUST00929,2020-02-17,56,Female,High,USA,5,6.593572662,42.99898324,nan,Clothing,0.5903135902,0.6109851546,nan,No,Yes
CUST00943,,20,Male,Medium,USA,6,152.4127831,987.5746224,Electronics,Food,0.1700669032,0.1849510875,Never,No,Yes
CUST00948,2022-03-04,41,Other,Medium,USA,2,112.910338,242.1371233,Home Goods,Books,0.4948219597,0.142513964,Never,No,No
CUST00963,2019-05-29,27,Prefer not to say,High,USA,5,268.8381831,1330.431111,Food,Food,0.2573753,0.2360296949,Low,No,No
CUST00974,2021-07-03,62,Female,nan,USA,8,58.48850013,459.376132,Electronics,Electronics,0.05437510345,0.301245225,Never,No,Yes
CUST01012,2023-08-03,47,Male,Very High,USA,7,72.72940382,347.0812317,Toys,Books,0.1637471967,0.2429043405,High,No,Yes
CUST01026,2023-08-21,59,Other,nan,USA,3,98.43327941,307.6716937,Home Goods,Toys,0.4396889697,0.1240714822,High,No,No
CUST01059,2021-12-29,37,Male,Medium,USA,13,12.53153418,83.33959078,Home Goods,Toys,0.1644444984,0.1616717069,High,Yes,No
CUST01075,2021-07-15,41,Prefer not to say,Low,USA,4,59.33769671,177.1620765,Sports,Clothing,0.1924969833,0.2315083026,Never,No,No
CUST01076,2019-05-04,43,Prefer not to say,nan,USA,7,77.40595369,448.0601723,Beauty,nan,0.22553963,0.2287219729,High,No,No
CUST01079,2020-02-17,44,Male,nan,USA,8,69.23237727,554.9965351,Sports,nan,0.315355223,0.1729151985,Medium,Yes,No
CUST01091,2019-12-28,32,Prefer not to say,Very High,USA,3,145.9578169,434.4681047,Home Goods,Food,0.3343772281,0.2357370308,High,No,No
CUST01093,2020-09-16,34,Male,Medium,USA,6,57.02438978,364.7777887,Home Goods,nan,0.5788932683,0.3294743575,Low,No,No
CUST01102,2021-04-09,53,Prefer not to say,High,USA,4,39.4150747,126.666614,Clothing,Books,0.2195681176,0.3392987402,nan,No,No
CUST01130,2018-09-29,32,Other,nan,USA,3,94.01577449,147.6882743,nan,nan,0.4307992415,0.2220867738,Never,No,No
CUST01142,2023-06-05,52,Male,Very High,USA,13,32.39480613,441.2379112,Clothing,Toys,0.3653590625,0.1706720657,nan,No,No
CUST01145,2019-12-06,42,Female,Medium,USA,9,31.87809417,126.669352,Toys,nan,0.1502591612,0.321649749,Never,No,No
CUST01169,2023-03-27,51,Prefer not to say,Very High,USA,4,51.05664988,374.2962307,Toys,Beauty,0.1284219439,,Medium,No,No
CUST01176,2022-11-12,24,Female,nan,USA,1,57.30610756,107.7959026,Toys,Food,0.09087478502,0.374036075,Medium,No,No
CUST01217,2021-08-17,37,Male,nan,USA,2,64.3890433,238.2600786,Beauty,Books,0.3076865661,0.2260559285,Medium,No,No
CUST01241,2020-11-20,29,Male,nan,USA,5,280.3236628,1215.510462,Food,nan,0.2052281547,0.2045514991,Medium,No,
CUST01292,,72,Prefer not to say,nan,USA,12,10.09716798,119.2932869,Toys,Books,0.1432129857,0.3825087267,Never,No,
CUST01303,2022-09-07,38,Female,Very High,USA,7,33.71389318,256.273448,nan,Books,0.2315933238,0.3271563913,nan,No,No
CUST01316,2023-06-04,38,Male,Very High,USA,5,9875.88625,521.4593241,Books,nan,0.2294714784,0.4402460188,High,No,No
CUST01322,2022-05-27,43,Prefer not to say,Medium,USA,3,32.52899515,482.1605137,Home Goods,Clothing,0.1515955941,0.285161834,Low,No,No
CUST01355,2021-10-21,47,Other,Low,USA,9,278.697084,2350.640671,Home Goods,Electronics,0.03099083532,,Never,No,
CUST01365,2020-02-18,43,Female,Very High,USA,1,57.69162093,168.9477398,Sports,Toys,0.05858890982,0.09101603126,Never,No,No
CUST01372,2021-01-14,31,Male,nan,USA,2,19.17688514,9.675290576,Electronics,Toys,0.3407008604,0.4367202985,High,No,No
CUST01383,2020-07-06,27,Prefer not to say,High,USA,0,265.3044929,166.5859003,Electronics,Home Goods,0.08336718921,0.139242067,Medium,No,No
CUST01391,2021-08-21,20,Other,Very High,USA,3,37.97106602,133.6640642,Sports,Beauty,,,High,No,
CUST01465,2018-07-05,55,Male,Low,USA,3,116.5320113,500.3790855,Electronics,Clothing,0.2531253438,0.2391083063,High,No,No
CUST01510,2023-06-27,48,Female,Very High,USA,10,15.83573349,136.9691484,Electronics,nan,0.3692962888,0.1298064855,Never,,Yes
CUST01519,2023-04-10,40,Female,Medium,USA,4,42.99667606,207.3827114,Toys,Home Goods,0.5394906127,0.4494070427,Never,No,Yes
CUST01530,2018-07-17,55,Female,High,USA,5,278.9310846,1360.858894,Electronics,Beauty,0.3166297589,0.478710546,High,No,Yes
CUST01574,2022-08-05,32,Female,Very High,USA,5,36.7972241,283.8530496,Toys,Beauty,0.3440399676,0.5806118002,Low,No,No
CUST01582,2019-11-19,34,Female,Low,USA,2,28.12418766,76.57670685,Toys,nan,0.5489340709,0.2421985352,nan,No,No
CUST01592,2021-09-16,52,Male,Medium,USA,15,34.03918011,506.4154825,Food,Home Goods,,0.2474886728,nan,No,Yes
CUST01610,2023-05-02,31,Prefer not to say,Medium,USA,1,49.16509914,80.35797038,Toys,Toys,0.4532786122,0.4154914724,Low,No,No
CUST01615,2018-10-31,54,Female,High,USA,0,4.27364324,134.7651325,Sports,Home Goods,0.5137591266,0.1538856702,High,No,Yes
CUST01655,2021-01-12,41,Male,Low,USA,3,76.95553257,186.1561414,Food,Sports,0.5056325065,0.314569838,Medium,Yes,Yes
CUST01675,2020-05-08,25,Male,nan,USA,1,44.28725195,31.5092384,Beauty,Beauty,0.1519716199,,Medium,Yes,No
CUST01679,2018-05-26,40,Male,Very High,USA,6,50.22092896,346.1851669,Sports,nan,0.08597463426,0.4104973215,Medium,No,No
CUST01697,2021-09-05,36,Prefer not to say,Very High,USA,4,13.00580708,100.6705111,Food,Toys,0.2770333926,0.4216994213,nan,Yes,No
CUST01712,2023-04-07,19,Prefer not to say,High,USA,2,58.66915021,179.8257952,Books,Beauty,0.07594732742,0.1173459527,High,No,No
CUST01729,2022-02-03,54,Prefer not to say,nan,USA,6,61.33247538,280.9202103,Food,nan,0.2816878537,0.2572274438,Low,No,No
CUST01734,2023-02-12,49,Male,Low,USA,4,143.5132395,572.8249603,Home Goods,Home Goods,0.5365613844,0.2615270797,Never,No,No
CUST01738,2019-09-25,24,Female,Low,USA,10,62.47197743,729.2303845,Books,Food,0.4033018717,0.1442784443,nan,No,No
CUST01739,2023-10-04,41,Prefer not to say,Very High,USA,3,12.57113863,13.68692472,Books,Sports,0.1427464907,0.07980773583,High,No,No
CUST01741,2021-11-24,38,Other,nan,USA,1,100.105344,234.1322981,Home Goods,Food,0.08552966803,,Low,No,No
CUST01775,2018-12-08,31,Prefer not to say,nan,USA,8,37.06827976,357.1818732,Clothing,Clothing,0.326051423,0.1489476024,Never,Yes,Yes
CUST01788,2018-03-14,69,Other,Medium,USA,5,15.37880643,41.73598272,Books,Beauty,0.1491375733,0.4149516235,nan,No,No
CUST01800,2018-04-05,51,Other,Low,USA,6,24.02427665,146.6395051,Books,Books,0.5306049929,0.174033708,Low,No,Yes
CUST01807,2022-08-04,44,Male,Medium,USA,7,53.13141367,466.55341,Beauty,Toys,0.152185292,0.5114809706,High,No,Yes
CUST01842,2022-12-01,39,Prefer not to say,Very High,USA,5,25.9121117,106.3170169,Sports,nan,0.03507504648,0.5635613465,Never,,No
CUST01864,2022-05-17,20,Male,nan,USA,2,1033.758262,2118.645605,Clothing,Books,0.3128516124,0.1509208948,Never,No,Yes
CUST01899,2019-07-26,60,Prefer not to say,Very High,USA,6,79.73355546,483.6945569,Toys,Home Goods,0.2042746911,0.3279309697,Low,Yes,No
CUST01902,2018-08-30,53,Female,Very High,USA,3,38.22306981,163.1487706,Home Goods,Electronics,0.5474677031,0.3981291384,High,No,No
CUST01904,2019-12-16,62,Prefer not to say,High,USA,6,27.57873405,117.4687237,Home Goods,Food,0.3364017741,0.3571598371,High,No,No
CUST01909,2021-12-10,30,Male,Very High,USA,6,27.80750505,249.6074347,nan,Beauty,0.5426910298,0.6810646427,Medium,No,No
CUST01917,2022-07-27,40,Male,nan,USA,11,250.2227868,2793.587931,nan,Books,0.2212914098,0.4371937161,High,No,
CUST01939,2023-01-02,37,Female,nan,USA,7,14.87163689,55.20010877,Beauty,nan,,,Medium,No,Yes
CUST01953,2022-09-13,39,Prefer not to say,Medium,USA,4,89.25599774,425.5425586,Beauty,Books,0.204406879,0.3935736208,Medium,No,Yes
CUST01961,,63,Female,High,USA,4,54.54684826,321.9679036,Beauty,Clothing,,0.6611060188,nan,No,Yes
CUST01962,2023-01-25,19,Other,Medium,USA,9,107.7597381,876.6134332,Beauty,Beauty,0.1577532737,0.2623248426,nan,Yes,No
CUST01976,2018-10-29,32,Prefer not to say,Medium,USA,2,83.25858893,157.8416554,Beauty,Books,0.511834038,0.4540459747,Low,No,Yes
CUST01992,2020-12-03,28,Prefer not to say,Low,USA,3,23.09434064,71.39145447,Toys,Home Goods,0.3339160043,0.4068528777,Medium,No,No
CUST02002,2023-01-05,32,Female,Low,USA,13,91.98844985,1002.70035,Beauty,Beauty,0.2290726513,0.2943704931,nan,No,Yes
CUST02013,,41,Other,Low,USA,5,160.7017404,865.0501406,Food,Beauty,0.2493537172,0.1319924424,nan,No,
CUST02038,2020-10-10,32,Prefer not to say,Medium,USA,4,70.06904813,155.8784744,Food,nan,0.4611868891,0.3084637195,nan,No,No
CUST02043,2023-07-17,42,Other,nan,USA,5,96.79316204,617.8972213,Electronics,nan,0.1605085088,0.3330244813,Never,No,Yes
CUST02093,2022-05-02,52,Other,High,USA,7,93.19151126,603.8151792,Food,Home Goods,0.3923636035,0.1990911405,Medium,No,Yes
CUST02100,2022-03-09,32,Prefer not to say,nan,USA,5,42.8277472,332.7561323,Toys,Food,0.05864727896,0.3101468882,nan,No,No
CUST02112,2019-07-01,30,Female,Very High,USA,5,100.8667965,503.7540459,Clothing,Food,0.3856478438,0.1459629568,Low,No,No
CUST02116,2023-05-11,38,Male,High,USA,8,141.9903073,938.7408966,Clothing,Home Goods,0.6268902899,,nan,No,No
CUST02137,2021-05-28,19,Prefer not to say,nan,USA,7,91.3910831,715.1392592,Food,Food,0.5393812378,0.1278030418,nan,No,No
CUST02178,2019-03-01,34,Male,nan,USA,12,19.55813527,342.3024471,nan,Home Goods,0.2232581052,0.1387412058,High,No,Yes
CUST02191,2020-08-23,40,Male,Low,USA,5,33.15235503,130.4599391,Clothing,Home Goods,0.2057554213,0.1423950482,Never,No,Yes
CUST02206,2019-07-25,50,Male,Very High,USA,1,40.56828167,26.71807781,Beauty,Toys,0.3689550307,0.2556256369,Never,Yes,Yes
CUST02236,2020-02-18,32,Prefer not to say,Very High,USA,2,34.58755074,61.16565633,Beauty,nan,0.6987463688,0.5491024392,nan,No,No
CUST02246,2019-04-13,31,Prefer not to say,High,USA,7,39.24181917,190.7827581,Sports,Toys,0.5949386779,0.08591626078,High,No,No
CUST02249,2018-10-10,45,Female,nan,USA,3,86.94846359,234.5055092,Toys,Clothing,0.1924833934,0.4553983526,nan,No,No
CUST02252,2018-02-09,37,Female,nan,USA,8,38.39528829,313.5678371,Toys,Beauty,0.1906990196,0.195457996,Medium,Yes,No
CUST02276,2023-12-19,46,Other,Very High,USA,3,40.42280872,92.73209334,Electronics,Electronics,0.1918581826,0.1715908819,High,Yes,No
CUST02293,2022-12-27,46,Female,Medium,USA,5,307.0260449,1455.011867,nan,Food,0.4974097931,0.09306797691,Medium,Yes,No
CUST02294,2020-09-12,38,Other,Low,USA,11,272.2034691,3109.43457,Clothing,Clothing,0.2662115928,0.2911967215,nan,Yes,No
CUST02299,,18,Other,Very High,USA,5,63.30703042,321.3509205,Books,Food,0.2308246331,0.5593803532,Never,No,Yes
CUST02339,2019-10-08,36,Female,High,USA,4,95.91440491,307.3248366,Electronics,Sports,0.2017289769,0.1217443941,nan,No,No
CUST02363,2021-10-30,37,Other,Low,USA,4,2.59833791,125.1495675,nan,Clothing,0.3279148504,0.4860685618,Low,No,Yes
CUST02364,2019-09-25,41,Male,High,USA,13,46.99686439,620.6769824,Electronics,Home Goods,0.3278111221,0.6846580845,Low,No,No
CUST02377,2020-03-31,56,Female,Very High,USA,3,97.13515559,256.1311059,Beauty,Clothing,0.1534271766,0.05371475575,Never,No,No
CUST02447,2018-05-22,56,Other,Medium,USA,5,199.9919545,930.2020891,Food,Electronics,0.4249475613,0.1742987248,nan,No,No
CUST02469,2021-10-18,20,Male,Low,USA,7,175.0091298,1115.096956,Home Goods,Electronics,0.3799988848,0.1879157056,nan,Yes,No
CUST02482,2020-06-25,24,Female,Very High,USA,2,45.08252173,72.95176952,nan,Electronics,0.02830770253,0.1826246162,nan,No,Yes
CUST02490,2021-02-06,41,Male,High,USA,1,46.70555169,4.286502346,Toys,Electronics,,0.05388409623,Never,No,No
CUST02497,2021-09-28,36,Prefer not to say,Very High,USA,8,63.65276936,431.460857,Sports,Toys,0.434274464,0.1699830954,High,No,No
CUST02547,2023-10-22,45,Other,Medium,USA,8,47.52684464,529.2366362,Electronics,Beauty,,0.01652302235,High,No,No
CUST02560,2021-11-04,46,Other,nan,USA,6,20.74290281,143.2345839,Food,Toys,0.1656673609,0.478173349,Medium,No,No
CUST02571,2022-02-11,59,Other,Low,USA,1,277.1723506,458.3196171,Clothing,Home Goods,0.1524019404,0.1954968849,High,No,No
CUST02574,2023-01-04,64,Prefer not to say,High,USA,3,140.5766685,414.2769075,Books,nan,0.1217379537,0.2379819066,Medium,No,No
CUST02585,2019-03-19,46,Female,Medium,USA,5,273.7351208,1396.948495,Clothing,Clothing,0.1999742722,0.5468982973,Never,No,No
CUST02622,,49,Female,High,USA,9,14.30746184,75.82776556,Food,Clothing,0.1271432393,0.2050448886,nan,Yes,No
CUST02630,2022-03-03,24,Female,High,USA,5,11.49256345,93.65320711,Electronics,Electronics,0.3340045696,0.3413842531,Never,Yes,No
CUST02633,2021-07-27,26,Other,Medium,USA,7,131.2774536,1043.617115,Beauty,Food,0.1062028734,0.1187966701,Low,No,No
CUST02674,2019-12-05,30,Male,Medium,USA,12,116.9012088,1483.271473,Home Goods,Beauty,0.6075623096,0.05347624518,Medium,No,No
CUST02676,2023-05-27,36,Female,Very High,USA,8,195.3690673,1508.042305,Beauty,Books,0.4271998372,0.5417053776,Medium,No,No
CUST02687,2020-05-30,33,Male,Very High,USA,4,173.7629359,690.8628449,Clothing,Books,0.3883153777,0.03295241159,High,No,No
CUST02717,2018-07-20,30,Prefer not to say,Medium,USA,3,46.10258232,106.5018903,Electronics,Clothing,0.3632300724,0.0613125625,nan,No,No
CUST02770,2020-11-01,25,Prefer not to say,Very High,USA,5,60.86774128,100.507369,Beauty,Home Goods,0.07227041384,0.393730045,Medium,No,Yes
CUST02776,2022-01-04,36,Female,Low,USA,4,38.76028107,48.44255745,Toys,Electronics,0.2302732487,0.1431575284,Low,Yes,
CUST02782,2020-03-28,63,Prefer not to say,Medium,USA,3,55.17787049,200.6664449,Toys,Books,,0.2917732315,nan,Yes,No
CUST02788,2019-10-30,34,Female,Medium,USA,1,38.76366159,5.025324646,Clothing,Home Goods,0.1804351774,0.6090054692,Low,Yes,Yes
CUST02819,,40,Female,Medium,USA,2,61.37650309,5.613648521,Clothing,Books,0.5077061528,0.3891755546,nan,,Yes
CUST02836,2019-02-01,35,Male,Very High,USA,1,232.0593997,192.9843293,Books,Home Goods,0.2176929088,0.3158230744,High,No,No
CUST02841,2022-01-22,22,Other,nan,USA,5,143.429491,501.0630044,Beauty,Books,0.4434949403,0.1408268415,Never,Yes,Yes
CUST02858,2018-12-22,40,Other,Very High,USA,2,28.10680754,65.22688354,Sports,Electronics,0.2790107454,0.3993479684,Medium,No,No
CUST02871,2019-11-06,30,Female,Very High,USA,7,41.75760061,358.0366017,nan,Clothing,0.217778191,0.2427043218,nan,Yes,No
CUST02890,2018-02-02,25,Male,nan,USA,3,25.40851146,198.7312018,nan,Books,0.3652011557,0.3655087407,Medium,No,No
CUST02896,2020-08-30,36,Prefer not to say,Medium,USA,7,19.96442424,166.4235043,Clothing,Beauty,0.1996332661,0.2379593179,Low,No,No
CUST02901,2022-01-19,44,Male,nan,USA,8,33.38359893,250.774405,Food,Clothing,,0.3423196302,Medium,Yes,Yes
CUST02911,,19,Male,nan,USA,7,57.85657011,541.919452,Food,Books,,0.3041698771,Medium,No,No
CUST02923,2021-01-18,46,Prefer not to say,High,USA,6,46.34432717,293.6999074,nan,Home Goods,0.3466999752,0.2977157197,High,No,Yes
CUST02939,2023-01-18,20,Male,High,USA,3,84.54850394,162.5275178,nan,Toys,0.2327944965,0.2802167481,nan,No,No
CUST02988,2020-11-28,64,Prefer not to say,Very High,USA,10,26.399607,154.1447409,Electronics,Books,0.2582340455,0.217363351,nan,No,No
CUST03059,2018-09-28,36,Male,Low,USA,8,72.90961223,604.4042243,Electronics,Beauty,0.2473280259,0.4224772699,Never,No,No
CUST03065,2023-07-06,37,Female,nan,USA,6,39.10543508,191.6051548,nan,nan,0.4125728653,0.4241572134,nan,No,No
CUST03068,2019-08-04,51,Female,Medium,USA,2,110.6538427,100.8960332,nan,Home Goods,0.2358251864,0.1835425631,Low,No,No
CUST03124,,33,Female,Very High,USA,3,677.5153394,2089.768027,Toys,Electronics,0.1162071912,0.3585804473,Never,No,
CUST03132,2023-10-22,36,Other,nan,USA,2,33529.1718,876.0286101,Sports,Electronics,0.4810489619,0.01208017792,nan,No,Yes
CUST03159,2020-01-29,46,Female,Medium,USA,12,34.37946642,462.9498221,Books,Electronics,0.234700099,0.1497139878,Medium,,Yes
CUST03200,2021-01-12,32,Prefer not to say,Medium,USA,5,32.89518957,259.5908045,Home Goods,Clothing,0.2594831766,0.6406710575,nan,Yes,No
CUST03215,2021-09-10,51,Female,Medium,USA,3,53.15186095,29.27332589,Electronics,Sports,0.1637973377,0.3979184729,Never,No,No
CUST03241,2021-03-03,27,Other,High,USA,3,28.23190877,66.568561,Clothing,Food,0.1848846898,0.213467225,Low,No,No
CUST03260,2019-09-02,39,Female,Very High,USA,6,58.82084008,234.8419352,nan,Beauty,0.2210790099,0.2926763011,Low,No,No
CUST03283,2019-01-02,44,Other,nan,USA,10,108.9210472,1148.969447,Home Goods,nan,0.4388268047,0.2819717137,Medium,No,No
CUST03291,,42,Other,nan,USA,8,33.79139807,196.667746,Electronics,Sports,0.3065461867,,Low,No,No
CUST03293,2018-05-31,21,Prefer not to say,Medium,USA,5,26.61922251,186.9341177,Sports,Sports,,0.6384280158,Low,No,No
CUST03296,2021-12-30,29,Male,High,USA,1,116.5247872,179.783144,Electronics,Home Goods,0.3364846447,0.5631564113,Low,No,No
CUST03311,2018-12-04,29,Female,Low,USA,3,20.05126665,54.78206225,Home Goods,Beauty,0.2886124636,0.5680058837,Low,Yes,Yes
CUST03319,2021-04-02,34,Prefer not to say,High,USA,5,29.1930847,271.6382414,Sports,Home Goods,0.05742623156,0.4141390757,Low,No,Yes
CUST03325,2022-12-05,34,Prefer not to say,Medium,USA,7,102.890244,736.4037253,Beauty,Clothing,0.241720725,0.1774804329,nan,No,No
CUST03329,2019-01-25,19,Prefer not to say,High,USA,5,99.9903935,478.3953918,Beauty,Toys,0.2436709677,0.5292228884,nan,No,No
CUST03360,2021-09-26,64,Other,Very High,USA,5,57.95789944,213.6873316,Home Goods,Food,0.1388713918,0.541923967,Medium,No,No
CUST03364,2023-07-26,30,Male,Low,USA,6,133.6309164,803.1576891,Books,Books,0.04644674381,0.2850027268,nan,No,No
CUST03379,2023-10-01,34,Other,Very High,USA,3,47.91996669,154.6879351,nan,Electronics,0.4378122105,0.2993595548,Low,No,No
CUST03422,2018-05-27,48,Female,Low,USA,12,135.5483723,1528.76177,Toys,Toys,0.2664338124,0.0679103774,nan,Yes,No
CUST03446,2023-08-27,44,Prefer not to say,Very High,USA,6,134.3132917,915.4832467,Food,Books,0.3792343641,0.2731084071,Never,No,No
CUST03468,2022-06-10,19,Other,Very High,USA,8,156.9184814,1289.469028,Home Goods,Food,0.236894441,0.09293165391,Low,No,No
CUST03469,2021-10-19,38,Prefer not to say,Very High,USA,5,54.53280105,257.7172141,Home Goods,Food,0.3848714047,0.241405158,nan,No,No
CUST03506,2021-07-03,50,Female,Medium,USA,2,59.70033916,49.34977818,Clothing,Books,0.1207763937,0.2085056343,Low,No,No
CUST03536,2022-06-18,46,Female,nan,USA,3,131.2415025,441.4558311,Clothing,Home Goods,,0.2879634784,nan,Yes,No
CUST03588,2021-01-19,36,Prefer not to say,nan,USA,7,19.68077133,297.9570772,Clothing,Sports,0.5850497067,0.5012264748,High,No,Yes
CUST03592,2018-12-17,38,Male,nan,USA,7,43.96425328,431.4777053,Beauty,Sports,0.3511292927,0.3422732807,Low,No,Yes
CUST03602,2020-07-08,40,Other,High,USA,1,38.98695264,121.2955937,Sports,nan,0.2816870989,0.1488749965,Low,No,Yes
CUST03632,2020-11-03,21,Male,Medium,USA,3,14.63038364,110.6378772,Electronics,Books,0.3658699467,0.2155520349,High,No,No
CUST03633,2022-10-05,35,Male,Low,USA,3,26.37099532,57.36826857,Beauty,Beauty,0.3967538565,0.2435700041,High,No,Yes
CUST03652,2019-03-10,53,Male,High,USA,7,64.11297338,359.9590187,Electronics,Home Goods,0.3211555536,0.01496552044,High,No,Yes
CUST03657,2020-02-19,50,Prefer not to say,High,USA,2,396.6024866,666.9720011,Toys,Electronics,,0.7038597364,Never,No,No
CUST03668,2022-05-30,38,Female,High,USA,7,27.2244017,277.7554992,Beauty,Sports,0.4846980633,0.2652154866,nan,No,
CUST03707,2020-06-24,62,Prefer not to say,Low,USA,9,11.48118347,221.8305113,nan,Toys,0.407711707,0.4554321997,Low,No,No
CUST03762,2022-03-07,41,Female,Very High,USA,3,133.2935693,407.4531724,Home Goods,Food,0.2950232639,0.07150114988,Low,No,No
CUST03763,2019-11-10,42,Other,Low,USA,11,126.8592075,1463.74984,Toys,Clothing,0.3091102916,0.1907320474,nan,No,Yes
CUST03776,2023-04-17,67,Prefer not to say,Low,USA,2,37.92641169,45.52664981,nan,Clothing,0.4439048841,0.5608099232,nan,No,Yes
CUST03777,2020-04-28,54,Prefer not to say,nan,USA,6,71.64502297,267.6358632,Sports,Electronics,0.09352337169,0.2448663309,Low,No,No
CUST03794,2018-08-08,42,Prefer not to say,High,USA,6,275.6001768,1655.113895,Home Goods,Sports,0.4691010146,0.1439435463,Low,Yes,Yes
CUST03825,2023-05-28,35,Prefer not to say,nan,USA,2,30.95718366,11.64041624,Electronics,Toys,,0.3692557771,High,No,No
CUST03856,2021-05-09,42,Prefer not to say,High,USA,4,32.55910058,165.8685126,Food,Beauty,0.3979821605,0.3765441843,nan,Yes,No
CUST03858,2022-09-12,27,Female,nan,USA,2,237.4007679,649.6473982,Sports,Food,0.576876002,0.3787179738,nan,No,No
CUST03862,2021-10-22,30,Other,Very High,USA,7,34.74136719,297.4551402,Food,Electronics,0.3111748328,0.3835140011,Low,No,Yes
CUST03895,2018-08-15,36,Other,Very High,USA,4,46.18888937,68.12220774,Electronics,Beauty,0.2975190022,0.2363342432,nan,Yes,Yes
CUST03905,2023-08-05,61,Female,nan,USA,5,28.751018,111.3003381,Electronics,Electronics,0.07160558821,0.3287256097,Medium,No,No
CUST03913,2018-11-04,40,Female,Medium,USA,8,14.85228548,37.64740299,Clothing,Food,0.4953330181,0.2446353478,nan,No,No
CUST03929,2019-04-17,18,Male,Medium,USA,5,29.59075843,357.3626651,Books,Electronics,0.1899452962,0.09209097841,Never,No,No
CUST03940,2020-07-04,39,Other,Medium,USA,6,71.92757362,495.2584059,Beauty,nan,0.2287012272,0.3699480454,Medium,No,No
CUST03960,2020-09-11,32,Male,High,USA,12,11.68065069,135.9101645,Home Goods,Electronics,0.3361932267,0.1895272289,Low,No,No
CUST04066,2023-09-05,48,Other,Very High,USA,3,7099.003623,37.25585029,Food,Home Goods,0.4046511667,0.4208572538,nan,No,No
CUST04078,2018-01-19,49,Female,Low,USA,3,9.438219057,247.9671852,Sports,Home Goods,0.076762005,,High,No,No
CUST04080,,38,Male,nan,USA,9,2333.789808,21217.38632,Toys,Clothing,0.1417614433,0.4241682191,High,No,Yes
CUST04093,2020-12-24,46,Male,nan,USA,0,15.83049231,128.1912737,Food,Beauty,0.2334239922,0.4038151108,nan,Yes,Yes
CUST04098,2022-11-10,29,Female,nan,USA,1,308.5286089,43.97070164,nan,Clothing,0.204853961,0.283331473,Medium,Yes,No
CUST04124,2021-05-05,56,Other,Low,USA,10,137.4823829,1407.770265,Food,Sports,0.3078001267,0.1401209568,Medium,Yes,Yes
CUST04136,2019-04-02,43,Male,nan,USA,2,76.06173356,42.10908179,nan,Sports,0.06030544883,0.01508370454,nan,No,No
CUST04151,2021-05-01,36,Other,High,USA,4,41.38516587,156.6712768,Beauty,Books,0.2402359349,,nan,Yes,Yes
CUST04157,2023-10-25,31,Male,Very High,USA,8,33.86188293,159.0787978,Food,nan,,0.1069401207,nan,No,No
CUST04167,2020-12-28,47,Male,nan,USA,10,55.45908267,492.1014024,Clothing,Toys,0.2262475182,0.4699926477,High,No,Yes
CUST04196,2021-09-16,48,Male,Medium,USA,5,21.22745859,87.28082812,nan,nan,0.4793997473,0.222096977,Medium,No,No
CUST04250,2018-10-12,53,Other,Very High,USA,8,121.0910346,1260.366689,Food,nan,0.4662400516,0.1347251968,Medium,No,No
CUST04252,2020-04-17,37,Other,High,USA,6,50.03910424,373.9799219,Toys,Home Goods,0.09910590793,0.04008067543,nan,No,Yes
CUST04265,2019-11-23,19,Other,Low,USA,5,146.968601,983.6444286,Sports,Electronics,0.1782946651,0.3359879952,Never,Yes,No
CUST04271,2018-05-28,20,Male,Medium,USA,2,49.44618863,75.27140006,Sports,Home Goods,0.129065921,0.647843168,nan,No,No
CUST04274,2019-01-23,29,Prefer not to say,nan,USA,2,113.5740499,358.3516108,Food,nan,0.1555881929,0.5826520594,Medium,No,No
CUST04317,2018-11-17,37,Prefer not to say,Very High,USA,7,198.6574558,1495.306577,Toys,Food,0.2712933225,0.1323933844,High,No,No
CUST04365,2020-07-11,54,Female,Very High,USA,1,104.4572422,230.1267473,Electronics,Home Goods,0.16838264,0.3588903698,Never,No,No
CUST04372,2020-05-20,41,Female,Very High,USA,10,70.73743151,566.3481846,Sports,nan,0.3215975705,0.206901585,nan,No,No
CUST04389,2018-05-28,35,Other,nan,USA,8,49.97871516,387.5860711,Clothing,Beauty,0.3576689613,0.421252628,nan,Yes,No
CUST04436,2023-05-13,35,Female,nan,USA,3,68.70802814,80.2915096,Sports,Sports,,0.1421529536,Low,Yes,No
CUST04446,2019-12-07,19,Female,Low,USA,11,95.12198717,969.5886409,Sports,Clothing,0.3566656843,0.3224714785,Low,No,Yes
CUST04457,2022-12-01,34,Prefer not to say,Very High,USA,13,58.53519006,743.1636697,Books,Beauty,0.3572156179,0.3235211129,Low,Yes,No
CUST04477,2020-02-19,52,Female,Low,USA,10,21.22554312,262.1900736,Toys,Sports,0.2267725485,0.3287061395,Never,No,Yes
CUST04486,2020-01-12,24,Male,High,USA,7,52.7728254,466.3508799,Food,Home Goods,0.4777406267,0.3353186882,Low,No,No
CUST04488,2021-05-28,25,Female,Medium,USA,10,168.8292324,1611.90971,Sports,Food,0.2385741559,0.5592780063,Medium,No,
CUST04491,2018-11-24,18,Male,High,USA,6,113.6203583,664.8758137,Food,Clothing,0.5282671495,0.4837618381,High,No,No
CUST04501,2022-07-11,40,Female,Very High,USA,2,65.39436432,130.2889589,Food,Electronics,0.3053090646,0.1656873226,Never,Yes,No
CUST04504,2019-08-23,42,Male,nan,USA,7,385.4509526,2891.771154,nan,Clothing,0.3148724182,0.376405016,Low,No,Yes
CUST04529,2018-09-30,66,Male,nan,USA,8,7.581740418,8.294329543,Books,nan,0.2633126952,0.3657569775,Never,No,Yes
CUST04552,2020-03-30,38,Prefer not to say,High,USA,1,45.85445494,25.72239565,Books,Food,0.2992354035,0.2673153327,Never,No,
CUST04553,2019-11-04,20,Male,Very High,USA,7,15.45794161,231.6956269,Toys,Electronics,0.1374050055,0.5301538065,Low,No,No
CUST04593,2019-03-18,39,Prefer not to say,High,USA,2,74.89357893,220.37719,Electronics,nan,0.3347140338,0.08857322297,Low,No,No
CUST04596,2019-08-05,48,Female,nan,USA,7,57.01561051,362.932201,Electronics,Electronics,,0.3518255453,Medium,No,No
CUST04616,2018-09-28,40,Other,Medium,USA,2,84.1125148,285.2724749,Toys,Beauty,0.3271303357,0.2499635114,High,No,Yes
CUST04635,2022-01-13,68,Female,nan,USA,7,60.56101964,503.1838124,Food,Home Goods,0.2534597351,0.337281187,Medium,No,No
CUST04660,2021-11-11,45,Prefer not to say,High,USA,6,10.9433944,304.6092574,nan,Sports,0.03914196016,0.2807604922,nan,No,No
CUST04668,2023-12-10,56,Other,nan,USA,6,114.1848675,659.7071587,Books,Sports,0.1959977264,0.2209173888,nan,No,No
CUST04707,2021-09-04,26,Other,Medium,USA,13,45.3821194,593.2633291,Food,nan,0.16071777,0.6221405642,High,No,Yes
CUST04727,2019-01-02,35,Prefer not to say,High,USA,1,40.27339292,63.37376423,Home Goods,Home Goods,0.3114915714,0.06824206658,nan,No,No
CUST04731,2023-01-29,44,Other,Very High,USA,2,43.64614579,193.236099,Toys,Sports,0.04556731211,0.03657688281,nan,No,No
CUST04774,2019-10-25,35,Prefer not to say,nan,USA,7,277.9843695,94925.32911,Books,Home Goods,0.4437327115,0.2933048791,High,Yes,Yes
CUST04799,2023-11-27,44,Other,High,USA,5,9.883843479,70.65818757,Food,Toys,0.2381542354,0.6368886716,Medium,No,No
CUST04846,2021-11-26,60,Other,Low,USA,7,114.6339004,802.7941453,Food,Food,0.02924221138,0.3816590671,High,No,Yes
CUST04872,2020-12-28,32,Male,Medium,USA,8,96.96752495,922.0661889,Books,Toys,0.2158245687,0.1502268594,nan,No,Yes
CUST04876,2019-09-15,42,Female,Very High,USA,3,178.4255496,316.6252595,Sports,Clothing,0.1761607276,0.3122046278,Low,No,No
CUST04905,2020-03-09,30,Prefer not to say,Medium,USA,7,8.334008388,160.0214967,Food,Beauty,,0.156197335,Never,No,No
CUST04908,2019-05-08,64,Prefer not to say,Very High,USA,3,30.11694025,89.24448402,Beauty,Sports,0.449217107,0.198190779,Medium,Yes,Yes
CUST04929,2018-04-21,34,Male,Low,USA,2,89.73947972,214.6685132,Sports,Home Goods,0.3324901797,0.2745103872,Never,No,No
CUST04940,2023-12-22,53,Other,Low,USA,1,209.1938836,125.49602,Home Goods,Home Goods,0.3346039497,0.391730918,Medium,No,No
CUST04985,2023-08-13,26,Male,Low,USA,4,16.21531701,90.94754103,Electronics,Sports,0.08832039763,,High,Yes,No
CUST05015,2020-10-21,48,Other,Low,USA,7,141.4716724,962.488085,Books,Home Goods,0.3802925085,0.4020372685,Never,No,No
CUST05033,2020-07-27,32,Female,nan,USA,11,42.33693805,410.0537845,Food,Clothing,0.3896895551,0.359396554,High,No,No
CUST05040,2020-05-11,34,Female,High,USA,2,19.72521718,86.87904857,Electronics,nan,0.1032523171,0.153914181,Low,No,
CUST05054,2023-11-15,24,Other,nan,USA,4,174.8893547,743.3277178,Beauty,Electronics,0.2872971617,0.1493697535,Medium,Yes,Yes
CUST05097,2021-12-25,44,Other,nan,USA,4,75.89567554,303.057676,Books,Electronics,0.06969763094,0.3784145445,nan,No,No
CUST05181,2023-09-11,44,Male,Very High,USA,7,18.98253248,290.0080226,nan,nan,0.07475684927,0.3576081887,nan,No,Yes
CUST05188,2022-10-30,42,Prefer not to say,nan,USA,9,33.21207165,118.3417204,Books,nan,0.3009894923,0.6902772086,Medium,No,No
CUST05209,2020-09-12,38,Prefer not to say,Medium,USA,2,32.47868507,100.6680237,Clothing,Home Goods,0.2513572162,0.4117547093,Never,Yes,No
CUST05210,2020-09-19,52,Male,Low,USA,9,259.6206927,2334.865923,Electronics,Toys,0.5208047627,0.2328732136,nan,No,No
CUST05213,,33,Prefer not to say,Low,USA,7,9.080546317,5.532876607,Sports,Clothing,0.70029837,0.3843946067,Never,No,No
CUST05234,2019-08-09,19,Other,Very High,USA,3,43.58751837,142.7836682,Books,Books,0.274141205,0.4543636485,Medium,No,Yes
CUST05251,2019-06-15,33,Male,Very High,USA,3,107.5060676,323.5776468,Sports,Clothing,0.369019235,0.1473455464,Never,No,Yes
CUST05267,2019-10-28,34,Female,Medium,USA,7,93.31812336,603.2058775,Electronics,Home Goods,0.6049723386,0.2401269313,nan,Yes,No
CUST05320,2018-10-05,18,Other,Low,USA,4,50.46083207,370.7618833,Home Goods,Clothing,0.0594947377,0.3348095631,Low,No,No
CUST05350,2019-09-23,46,Male,Medium,USA,2,45.67434146,149.7787445,Books,Books,0.24512411,0.173572833,Medium,No,No
CUST05437,2021-06-09,28,Female,Low,USA,3,79.60358628,236.1913861,Home Goods,Electronics,0.6661305071,0.1997844296,nan,No,No
CUST05458,2020-01-11,33,Other,High,USA,1,38.5641771,199.6405807,Electronics,Electronics,0.4634622468,0.09492082334,Low,Yes,No
CUST05475,2021-09-24,22,Female,Low,USA,9,31.22706852,278.6559256,nan,Clothing,0.4639486173,0.09545746985,Medium,No,No
CUST05510,2021-05-29,23,Other,Low,USA,3,15.60007222,316.4408406,Sports,Clothing,0.4207068047,,Low,No,No
CUST05528,2022-10-22,35,Prefer not to say,Medium,USA,9,152.1449616,1452.190273,Beauty,Books,,0.6383355895,Never,No,Yes
CUST05550,2020-10-10,34,Female,High,USA,1,50.98883951,238.074996,Beauty,Clothing,0.3236257214,0.2380086796,Medium,No,Yes
CUST05556,2018-04-11,41,Other,High,USA,4,64.32206761,164.2911695,nan,Food,0.4871830434,0.4408710796,High,No,Yes
CUST05557,2019-07-27,67,Male,nan,USA,2,39.60453665,19.19460685,nan,Home Goods,0.3882352607,,High,No,No
CUST05567,2019-03-10,52,Prefer not to say,Very High,USA,6,252.795599,1414.89904,nan,Home Goods,0.1527057403,0.2284349264,nan,No,No
CUST05571,2020-05-05,58,Female,Very High,USA,1,35.09614249,52.30955476,nan,nan,0.4438643554,0.2918745757,nan,No,
CUST05610,2020-05-17,54,Male,Very High,USA,10,31.8466322,363.5757828,Clothing,Clothing,0.3668350419,0.5014473854,Medium,No,No
CUST05647,2018-04-02,42,Prefer not to say,High,USA,7,53.3016391,482.996532,Books,Beauty,0.4228646435,0.2547567749,Low,No,
CUST05648,2018-05-07,50,Other,High,USA,1,188.6049276,295.4664467,Sports,Toys,0.1732071432,0.1369336133,High,No,No
CUST05658,2023-05-21,42,Male,High,USA,5,49.47749677,254.9531699,Sports,Electronics,0.2917251834,0.1867030603,nan,No,Yes
CUST05662,,19,Male,High,USA,5,58.64650807,322.6554411,Home Goods,Toys,0.329857939,0.1739597463,Medium,No,
CUST05759,2020-08-17,23,Female,High,USA,12,58.33270482,673.4961937,Books,Home Goods,0.3028279994,0.3788868331,Medium,No,No
CUST05780,2023-08-27,27,Prefer not to say,nan,USA,4,37.8772109,138.9048261,Books,Books,0.5163032223,0.2936512746,High,No,No
CUST05792,2019-02-22,19,Female,High,USA,6,91.57995675,424.3961923,Clothing,Home Goods,0.4315851577,0.06886361269,Low,Yes,Yes
CUST05810,2019-12-18,43,Other,Low,USA,6,36.15153174,374.2882874,Home Goods,nan,0.1408218595,0.2924239028,High,No,No
CUST05825,2019-10-29,20,Other,Medium,USA,10,19.17128829,26.88420727,Electronics,Beauty,0.09882059057,0.1846728622,Low,Yes,Yes
CUST05838,2021-10-22,46,Female,nan,USA,3,13.02560626,298.6088708,Beauty,Books,0.161050898,0.516241217,Medium,Yes,Yes
CUST05862,2023-04-14,39,Female,Low,USA,2,343.1479227,477.1868473,nan,Toys,0.2430885315,0.1592154071,nan,No,Yes
CUST05868,2022-04-24,33,Prefer not to say,Medium,USA,2,180.3640934,361.4584801,Electronics,Books,0.279632922,0.2924074979,High,No,Yes
CUST05880,2022-07-08,27,Prefer not to say,nan,USA,8,58.81716294,400.5965947,Sports,Food,0.07061983338,0.2525481864,Low,No,No
CUST05888,,29,Male,Very High,USA,4,102.2201967,419.6013519,Home Goods,Books,0.05951740757,0.06297933292,Low,No,Yes
CUST05896,2023-01-25,33,Other,Very High,USA,3,64.51946878,123.3796579,Books,nan,0.2505984394,0.01774918766,Medium,No,No
CUST05934,2020-12-10,39,Prefer not to say,Medium,USA,5,211.3818978,1094.451442,nan,Beauty,0.334739326,0.3288412731,Low,No,No
CUST05937,2019-05-07,32,Male,Very High,USA,2,15.01192056,105.6807248,Food,Food,0.09032151283,0.2949848541,Low,No,Yes
CUST05941,2018-08-18,40,Prefer not to say,nan,USA,7,14.98007495,54.73525226,nan,Beauty,0.3241506403,0.2205389888,Medium,No,No
CUST05968,2022-09-18,38,Prefer not to say,nan,USA,5,84.36305139,390.3788292,Beauty,Books,0.07600150416,0.2387440006,High,No,No
CUST05970,2021-05-25,62,Female,Medium,USA,2,11.77988919,30.96565122,Electronics,nan,0.1455726748,0.487367051,Never,,No
CUST05975,2019-05-01,35,Other,High,USA,4,44.08411598,216.8197318,Beauty,Home Goods,0.5072982172,0.4401393334,Low,Yes,No
CUST06015,2020-12-17,25,Prefer not to say,nan,USA,1,42.61390084,69.1847161,Electronics,Home Goods,0.1479678597,0.2659367572,Never,No,No
CUST06071,2023-03-08,52,Prefer not to say,Very High,USA,3,174.0132624,674.8150802,nan,Toys,0.09211395382,,Low,No,No
CUST06074,2023-04-03,35,Prefer not to say,nan,USA,3,146.0368238,278.0833146,Food,Sports,0.4086068907,0.1744225321,Medium,No,No
CUST06130,2018-05-20,45,Other,Low,USA,6,149.2380404,934.0609658,Home Goods,Home Goods,0.244708783,0.3333272159,Medium,No,Yes
CUST06154,2022-01-04,22,Other,High,USA,4,17.85017207,62.13376925,Food,Books,0.3684369472,0.2121876592,nan,Yes,No
CUST06165,2022-10-12,26,Male,High,USA,5,33.44080151,214.7248443,Sports,Beauty,0.2758362279,,High,Yes,Yes
CUST06185,2023-04-30,40,Male,Low,USA,4,58.71517208,324.976966,Electronics,Food,0.2555001099,,Never,Yes,No
CUST06195,2021-11-17,84,Female,Very High,USA,5,31.12476451,89.51330162,nan,Toys,0.08601038469,0.1295042126,Low,No,No
CUST06199,2018-06-21,47,Other,nan,USA,5,312.1916953,1516.525326,Beauty,Home Goods,0.2032883219,0.3479343331,Low,No,No
CUST06203,2020-09-04,35,Prefer not to say,nan,USA,4,203.8039779,765.5587379,Beauty,nan,0.3503906214,0.2679999614,Never,Yes,Yes
CUST06242,2020-04-04,48,Female,nan,USA,5,43.95382141,155.0568723,Electronics,Home Goods,0.3252141847,0.2608974438,Never,No,
CUST06245,2021-07-22,42,Male,Medium,USA,1,207.7293695,147.6111013,Electronics,Beauty,0.1435668083,0.2786478303,Medium,,No
CUST06269,2023-03-04,20,Male,Low,USA,20,13.25549454,445.3896547,Home Goods,nan,0.1209981051,0.03624684442,Low,No,No
CUST06356,2020-02-09,60,Male,nan,USA,2,16.65408849,161.1154499,Beauty,Clothing,0.2907212262,,Medium,No,No
CUST06371,2019-01-14,48,Prefer not to say,Medium,USA,6,290.8316694,1914.177918,nan,Food,0.4615348241,,Never,No,No
CUST06388,2018-09-24,66,Female,Very High,USA,5,367.0901427,1769.586439,Food,Home Goods,,0.4135045545,Low,No,
CUST06393,2020-08-19,37,Prefer not to say,Medium,USA,6,18.33057298,163.5860468,Beauty,Clothing,0.2008165156,0.5420789175,High,Yes,No
CUST06400,2021-02-27,61,Female,Medium,USA,10,40.00095019,396.3041618,Home Goods,Beauty,0.5710650515,0.3528874866,High,No,No
CUST06402,2019-06-23,30,Female,High,USA,5,80.46685458,383.7115755,nan,Beauty,0.1759247355,0.1308175232,nan,No,No
CUST06404,2018-04-11,52,Other,Medium,USA,10,44.66884056,422.0857251,nan,Toys,0.4555974472,0.2416184168,Never,Yes,No
CUST06410,2019-10-22,47,Female,High,USA,8,24.8282661,1440.749919,Books,Food,0.5422113483,0.15425946,Low,Yes,No
CUST06453,2018-05-26,34,Other,Low,USA,5,66.62453985,311.0569621,Beauty,Toys,0.480457948,0.04300661445,Low,No,No
CUST06468,2022-01-03,48,Prefer not to say,nan,USA,1,55.82306828,15.51184216,Beauty,Clothing,0.1908547629,0.326805952,nan,No,No
CUST06474,2023-05-28,79,Other,Very High,USA,3,164.4818467,407.5328761,Books,Books,0.5020176828,0.2540510663,nan,No,No
CUST06491,2019-08-15,41,Prefer not to say,High,USA,2,56.05701611,27.37863514,Beauty,Electronics,0.3172108659,,nan,No,Yes
CUST06496,2021-12-18,30,Prefer not to say,Very High,USA,1,48.82875741,5.153793845,Clothing,Clothing,0.2151205808,0.3056166198,High,No,No
CUST06525,2023-04-22,28,Male,Low,USA,6,19.64050701,96.81145995,Electronics,Sports,0.04791384525,0.4359912785,Medium,No,No
CUST06592,,19,Female,nan,USA,3,47.20275902,111.2491854,Home Goods,Toys,0.4418994229,0.3696539701,High,No,No
CUST06598,2022-03-22,18,Female,nan,USA,6,13.18949785,64.70578913,Beauty,Sports,0.05593342346,0.1840668135,Medium,No,Yes
CUST06599,2023-10-16,20,Female,nan,USA,7,142.9303412,1072.806898,Food,nan,0.6368542177,0.5697898657,Medium,No,Yes
CUST06604,2020-02-09,18,Female,Low,USA,5,38.37170309,59.57154166,Food,Clothing,0.08153118568,,nan,No,Yes
CUST06622,2018-11-17,36,Other,Low,USA,5,289.723587,1478.103151,Home Goods,nan,0.1308716856,0.3305477307,High,Yes,No
CUST06624,2020-04-23,59,Male,Low,USA,5,19.75377022,15.43013564,Home Goods,Clothing,0.1941632993,0.112710681,Low,,No
CUST06631,2020-01-16,37,Other,Low,USA,7,10.38589461,129.2343255,Clothing,Books,0.5808632276,0.6324577534,Low,Yes,No
CUST06633,2023-12-04,27,Prefer not to say,nan,USA,9,24.7194995,122.3001142,Food,Books,0.2152356875,0.03205107049,Medium,Yes,No
CUST06638,2020-09-19,41,Prefer not to say,High,USA,3,136.6340452,311.1137737,Home Goods,Toys,0.2461823078,0.4265415313,Never,No,No
CUST06658,2021-05-05,39,Female,nan,USA,8,21.06854743,328.6746877,Toys,Toys,,0.418244847,nan,No,Yes
CUST06673,2023-10-07,35,Male,Low,USA,3,34.00745823,71.10265347,Beauty,Sports,0.08809464973,0.5129584138,Low,No,No
CUST06707,2023-05-14,23,Female,High,USA,2,66.73277352,102.3664063,Clothing,Clothing,0.3092090576,0.1001832628,Medium,No,No
CUST06708,2023-07-21,35,Male,High,USA,5,45.44930569,198.6559733,Sports,nan,0.3162113952,0.1405421802,Medium,No,No
CUST06713,2022-10-04,34,Prefer not to say,nan,USA,8,23.07227809,369.50292,Electronics,nan,0.478533232,0.1369542996,High,No,Yes
CUST06741,2020-10-28,55,Other,High,USA,8,107.9605286,1006.794159,Clothing,Sports,0.366066828,0.5041406452,Medium,,No
CUST06747,2021-03-05,24,Male,nan,USA,2,56.32170376,195.9097787,nan,nan,0.05445648679,0.2648665677,Low,No,No
CUST06788,2018-01-22,41,Other,nan,USA,1,9.055484701,91.42226969,Beauty,nan,0.3047852001,0.3565290841,Low,No,
CUST06812,2023-12-29,20,Male,High,USA,5,44.66445796,201.6373827,Books,nan,0.1827090844,0.1249785579,Never,No,No
CUST06833,2018-12-29,32,Male,Low,USA,6,71.08448847,372.3451716,nan,nan,0.3104992065,0.5583274287,Low,No,No
CUST06852,2021-03-05,40,Other,High,USA,7,93.42585838,611.89382,Books,nan,0.3303566351,0.2283496247,nan,No,No
CUST06853,2022-03-12,30,Other,nan,USA,7,44.60023772,438.3703681,nan,Electronics,,0.381014012,Never,No,Yes
CUST06859,2021-03-14,30,Other,High,USA,4,17.45136017,263.9780335,Clothing,Home Goods,0.4521494713,0.422399281,Medium,Yes,Yes
CUST06868,2019-08-08,48,Female,Medium,USA,9,57.67394733,542.926884,Clothing,Toys,0.1226711052,0.3044669205,Never,No,No
CUST06887,2021-01-14,57,Male,High,USA,5,92.20363602,457.5946656,nan,Clothing,0.4437970673,0.1788747666,nan,No,No
CUST06903,2018-06-11,46,Female,High,USA,6,211.410741,1268.110005,Toys,Toys,0.2521802347,0.4299432925,Low,No,No
CUST06951,2018-10-20,54,Other,nan,USA,5,28.26117974,228.4182688,Beauty,Home Goods,0.2576795206,0.1641212732,Never,No,No
CUST06976,2021-10-14,31,Male,nan,USA,9,89.26971009,773.5680356,Clothing,Books,0.2004234041,0.2322362297,Never,No,Yes
CUST06990,2019-09-07,28,Male,Low,USA,3,127.6218111,256.2877191,Books,Toys,0.4079495367,0.2761710126,Never,No,No
CUST07022,2019-12-18,58,Other,Medium,USA,6,28.8392359,173.4627743,Toys,Beauty,0.3404258046,0.1756548128,Low,No,Yes
CUST07104,2021-05-11,53,Female,Very High,USA,7,32.21163246,208.7764657,Clothing,Food,0.474685114,0.1705590091,High,No,Yes
CUST07144,2021-04-01,36,Prefer not to say,Low,USA,2,115.9565294,363.1399982,Books,Home Goods,0.319209969,0.360476316,High,No,Yes
CUST07178,2019-07-11,51,Male,High,USA,3,19.89049607,133.7035892,Food,Beauty,0.5853864094,0.1628963836,nan,Yes,No
CUST07210,,40,Prefer not to say,Low,USA,1,16.92288752,91.72281915,Electronics,Clothing,0.1734988945,0.1775222824,nan,No,No
CUST07230,2018-06-18,41,Prefer not to say,Very High,USA,7,29.90761895,163.4932071,Sports,Electronics,0.09032866687,0.2601193445,Low,No,Yes
CUST07250,2022-08-30,38,Female,High,USA,8,7.25160737,185.1852293,Beauty,Clothing,0.3371595085,0.408138941,Never,,No
CUST07254,2023-04-24,50,Female,Very High,USA,3,86.74381613,116.0288676,Books,Home Goods,0.3474183437,0.1116661361,Never,Yes,
CUST07277,2022-02-27,32,Prefer not to say,Medium,USA,1,476.9254168,365.9331687,Books,Clothing,0.3575273511,0.2399388453,nan,No,No
CUST07280,2019-12-18,36,Other,nan,USA,7,84.57660148,617.0373601,Books,Clothing,0.3218582622,0.3315374765,Medium,No,No
CUST07307,2020-02-28,50,Female,Very High,USA,4,4.909588879,35.01138748,Electronics,Electronics,0.1503274473,0.3299374519,High,No,Yes
CUST07310,2021-03-23,22,Prefer not to say,nan,USA,1,179.9508884,240.6942004,Electronics,Electronics,0.5550806063,0.3517798865,Medium,No,Yes
CUST07343,2023-11-23,40,Other,Low,USA,6,53.26408174,312.9304935,Beauty,Toys,0.1636037966,0.119373704,nan,Yes,No
CUST07351,2020-04-22,46,Prefer not to say,Very High,USA,13,150.2057196,2114.545409,Sports,Toys,0.0860927276,,nan,No,No
CUST07363,2021-12-08,23,Male,Very High,USA,5,84.52073068,376.3033429,nan,Beauty,0.2241458368,0.4411894671,Never,Yes,No
CUST07366,2021-03-05,43,Female,nan,USA,6,290.3842706,1792.208643,nan,Food,,0.1916726531,Never,No,No
CUST07387,2019-03-12,34,Prefer not to say,High,USA,5,63.36189171,319.2392126,Electronics,Sports,0.3545303603,0.2179075704,Low,No,Yes
CUST07419,2019-07-15,25,Prefer not to say,nan,USA,4,135.3808991,573.3744749,Toys,Home Goods,0.4420065379,0.4028465512,nan,No,No
CUST07486,2021-05-17,44,Male,Very High,USA,6,39.10893041,244.4161205,Clothing,Beauty,,0.1776997541,High,No,No
CUST07495,2022-11-14,28,Male,Low,USA,10,149.3430662,1426.99628,Home Goods,Food,,0.2198989431,Never,No,No
CUST07514,2021-10-07,49,Other,nan,USA,5,154.5962834,748.1489379,Sports,Food,0.4438249427,0.2040691517,High,No,Yes
CUST07519,2019-03-19,48,Female,Medium,USA,6,36.04014293,175.2794491,nan,nan,0.2013216051,0.1148285048,Never,No,No
CUST07524,2018-05-27,22,Prefer not to say,Low,USA,4,405.0897058,1564.604771,Electronics,Home Goods,0.1579300796,0.1765430028,nan,No,No
CUST07549,,20,Female,nan,USA,7,52.7421883,423.0994216,Home Goods,Clothing,0.2737980278,0.03317001937,Medium,No,No
CUST07595,2019-03-23,47,Other,Low,USA,9,9.673082507,134.9130096,nan,Electronics,0.3223344146,0.08734011185,Low,No,Yes
CUST07601,2019-03-18,39,Male,Low,USA,3,64.06876036,262.3851323,Clothing,Beauty,0.2251074338,,Medium,No,Yes
CUST07645,2019-08-27,45,Male,Medium,USA,3,24.03266036,148.6584762,Beauty,Food,0.2242322405,0.2768230523,Low,,No
CUST07664,2018-03-23,37,Prefer not to say,High,USA,3,27.05856029,14.93863737,Food,nan,0.09270911022,0.1525918668,Low,No,
CUST07668,2021-07-20,43,Prefer not to say,Very High,USA,2,47.63952292,179.9326228,Books,Home Goods,0.2865164504,0.243307468,High,Yes,No
CUST07698,2022-10-25,55,Other,nan,USA,5,44.17817639,245.383112,Clothing,Clothing,0.2258746143,,High,No,No
CUST07722,2023-10-22,58,Prefer not to say,nan,USA,1,212.5294997,309.3463625,nan,Books,0.1096502335,,Medium,Yes,No
CUST07745,2023-03-27,42,Other,Low,USA,5,37.3117488,242.9486691,Clothing,Clothing,0.2035978987,0.4604429902,Medium,Yes,
CUST07748,2022-11-28,21,Prefer not to say,Low,USA,9,9.324211518,6.598691044,Books,Food,0.149707464,0.3584002778,nan,No,No
CUST07769,2020-05-31,35,Other,Medium,USA,4,53.60164302,191.6163004,Clothing,Beauty,0.530371313,0.1583225758,Never,No,No
CUST07808,,37,Other,Medium,USA,6,94.52052456,632.9278793,Toys,nan,0.2401235397,0.4132918362,Medium,No,Yes
CUST07829,2018-08-18,36,Male,Medium,USA,4,36.72544646,43.5376889,nan,Clothing,0.5375806342,0.2927571668,Never,No,No
CUST07842,2018-08-02,36,Male,Low,USA,7,149.3998992,849.4783891,Clothing,Books,0.3500180022,0.2561943636,Low,No,Yes
CUST07866,2022-04-28,36,Prefer not to say,Medium,USA,9,272.4241055,2280.326594,Beauty,nan,0.3840505381,0.2117297851,Low,No,No
CUST07875,,31,Male,Medium,USA,11,12.68408673,139.2669826,Books,Toys,0.4547651517,0.2502211146,Medium,,No
CUST07878,2023-10-12,49,Male,Very High,USA,3,41.44463349,210.7983625,nan,Beauty,0.3073755554,0.5558408479,Never,No,No
CUST07895,2023-01-23,22,Female,Very High,USA,3,637.4188808,2134.76085,nan,Toys,0.2722656976,0.2575088704,High,No,Yes
CUST07902,2023-07-22,42,Female,nan,USA,2,350.923507,606.3330515,Books,Beauty,0.3837185963,0.5034331016,Low,No,No
CUST07952,2019-08-14,38,Female,Low,USA,8,63.84582258,430.3931436,Toys,nan,0.09515651083,0.02653383524,Low,No,Yes
CUST07957,2023-01-30,39,Prefer not to say,Medium,USA,6,24.6142967,85.33324846,Home Goods,Sports,0.2767519959,0.1965063947,nan,Yes,No
CUST07981,2023-07-18,20,Other,Very High,USA,9,131.8375042,1179.253536,Sports,Clothing,0.2473115755,0.5294794966,Never,No,No
CUST07983,2022-11-18,36,Prefer not to say,Very High,USA,4,44.8299307,112.4818708,nan,Clothing,0.2064857526,0.08552534908,nan,No,No
CUST07985,2022-11-15,46,Other,Very High,USA,3,85.65861788,297.9184191,nan,Electronics,0.2723801402,0.4775019645,nan,Yes,No
CUST08003,2023-10-23,21,Male,Very High,USA,10,44.33132366,384.2534884,nan,Food,0.3760043107,0.4062892472,Medium,No,Yes
CUST08025,2020-07-18,64,Other,Low,USA,3,297.3271298,849.6405404,Sports,Clothing,0.474738969,0.1785830064,Low,No,
CUST08047,2023-11-24,45,Male,High,USA,7,189.0071154,1182.464945,nan,Food,0.2294906959,0.4052004807,High,Yes,Yes
CUST08050,2022-02-04,38,Male,Low,USA,5,33.85328988,412.6276648,Beauty,Sports,0.004859412662,0.5339789277,nan,No,No
CUST08051,2020-06-11,52,Prefer not to say,Low,USA,5,142.4635215,692.5884074,Food,Electronics,0.36532691,0.216759478,Never,Yes,Yes
CUST08123,2019-01-22,23,Prefer not to say,Low,USA,2,53.70705169,268.6651686,Home Goods,Sports,0.5579743557,0.2434043488,Never,,Yes
CUST08132,2020-08-10,38,Other,Low,USA,6,103.6655359,642.9052244,Clothing,Toys,0.2483442831,0.2302373543,Never,Yes,Yes
CUST08140,2019-10-19,30,Male,Medium,USA,12,720.6249163,8627.002804,Toys,Home Goods,0.3143902872,0.07517539849,nan,Yes,
CUST08220,2021-10-20,40,Other,Very High,USA,6,42.40101778,214.5272759,Clothing,Beauty,0.1573228408,0.175269152,Never,No,Yes
CUST08222,2019-12-21,57,Other,nan,USA,11,148.5763951,1491.528233,Beauty,Books,0.2257429937,0.1662962396,nan,No,No
CUST08224,2023-11-02,26,Male,nan,USA,3,29.38309284,122.0405188,Home Goods,nan,0.1019821916,0.2555141192,Medium,Yes,Yes
CUST08284,2020-03-20,33,Prefer not to say,nan,USA,2,77.2510475,47.31888009,nan,Clothing,0.1406002699,0.08353043642,nan,No,No
CUST08309,2020-04-12,18,Male,High,USA,9,37.87507291,361.3646979,Toys,Toys,,0.1846945402,High,No,No
CUST08402,2021-08-12,21,Female,nan,USA,4,332.1369589,1232.129203,Home Goods,Clothing,0.21881046,0.4304140765,High,No,No
CUST08415,2018-07-21,34,Other,Low,USA,5,15.2578066,121.9115846,Clothing,Books,0.1727705583,0.1720029574,Medium,No,No
CUST08437,2020-04-09,32,Other,Medium,USA,10,17.24530936,258.0696564,Electronics,Home Goods,0.6346749146,0.7168194896,Low,No,No
CUST08482,2019-04-13,49,Female,Medium,USA,4,237.9593976,763.167245,Books,Toys,0.09561214642,0.08162432067,nan,No,No
CUST08492,2023-09-08,29,Female,Very High,USA,2,45.98957758,214.8942957,Home Goods,Books,0.1255296512,0.1975341677,nan,No,No
CUST08494,,28,Other,High,USA,2,174.6137909,346.7130598,Food,Sports,0.1920071937,0.3518202498,High,No,Yes
CUST08511,2019-07-04,40,Other,Medium,USA,3,150.1529855,494.4850423,Electronics,Home Goods,0.2673446972,0.2395174866,Never,Yes,No
CUST08537,2022-08-21,22,Other,nan,USA,8,167.3284476,1439.662068,Sports,nan,0.1584582681,0.06961761647,Low,No,No
CUST08590,2021-10-16,29,Other,Low,USA,4,17.37714648,184.4644286,nan,Home Goods,0.2502011822,0.3501647808,Low,No,Yes
CUST08616,2022-09-25,32,Other,nan,USA,6,496.2841174,3049.920595,nan,Home Goods,0.1305958339,0.4232595268,Low,No,No
CUST08637,2022-12-04,53,Other,Low,USA,3,122.817561,530.2276231,Clothing,nan,0.2106547862,0.3961895572,Low,Yes,No
CUST08639,2018-05-25,22,Other,nan,USA,13,17.05746127,88.53040421,Electronics,Electronics,0.1740167658,0.1411694909,Never,No,No
CUST08669,2018-07-27,34,Male,Very High,USA,2,28.87026426,59.4238232,Clothing,Sports,0.385674872,0.1111489842,nan,No,No
CUST08673,2020-02-10,32,Other,Low,USA,2,70.07873832,78.83090416,Clothing,Clothing,0.2593538342,,High,Yes,No
CUST08688,2020-10-14,45,Female,High,USA,8,99.7788161,667.6989846,nan,Beauty,0.5346393864,0.2870273989,Medium,No,Yes
CUST08695,2023-09-21,26,Other,Low,USA,4,32.9796686,132.5396219,Home Goods,Clothing,0.1538695205,,Medium,No,Yes
CUST08703,2019-02-07,27,Female,Very High,USA,8,24.93746249,150.0974422,nan,Electronics,,0.04064901567,Medium,No,Yes
CUST08728,2023-12-26,29,Prefer not to say,nan,USA,1,46.96421768,219.3764162,Sports,Books,0.4564572959,0.06273459039,Low,No,No
CUST08763,2021-11-27,30,Other,nan,USA,6,37.90386753,249.8463308,Beauty,Toys,,0.3409227523,nan,Yes,No
CUST08764,2019-03-19,47,Female,nan,USA,6,109.6376845,584.5645485,Food,nan,0.3758719681,0.1714101254,High,Yes,Yes
CUST08775,2022-09-07,42,Prefer not to say,Very High,USA,7,1212.194608,420810.8156,Beauty,Clothing,0.1659636361,0.3568173863,High,No,No
CUST08782,2021-07-15,30,Other,Very High,USA,14,173.3074233,2636.582836,Books,Toys,0.02511375271,0.3518791165,Medium,No,No
CUST08788,2021-09-01,59,Male,nan,USA,3,187.7162904,539.1483598,Clothing,Beauty,0.2400631413,0.01427376691,nan,Yes,No
CUST08811,2020-11-23,32,Female,High,USA,4,29.71349382,106.5659856,Clothing,nan,,0.400693073,High,No,No
CUST08819,2019-12-25,30,Male,nan,USA,6,70.93445451,285.3803496,nan,Clothing,0.2549900465,0.1432421924,nan,,No
CUST08834,2023-02-14,27,Male,Medium,USA,11,44.74172765,546.610903,Toys,Home Goods,0.3435635497,0.2745552441,Medium,No,Yes
CUST08836,2020-02-02,19,Male,nan,USA,3,205.4741364,647.6032075,Clothing,nan,0.2133275453,0.1252832519,Medium,Yes,No
CUST08846,2020-10-18,27,Prefer not to say,Medium,USA,19,50.69774408,939.4651111,Books,Home Goods,0.07810802309,0.3505914499,Low,No,Yes
CUST08876,2022-10-05,35,Prefer not to say,Very High,USA,5,267.8493536,1503.835411,Sports,Toys,0.5972752568,0.3133475533,Low,No,No
CUST08878,2019-12-15,43,Prefer not to say,Low,USA,3,77.80237133,116.0760649,Sports,Electronics,0.7078023287,0.1103259723,High,No,No
CUST08906,2019-10-24,51,Other,nan,USA,7,163.4796864,1152.764052,Sports,Food,0.3942644509,0.3602244223,nan,No,No
CUST08956,2019-11-14,22,Other,Medium,USA,6,61.00553244,344.242449,Toys,Beauty,0.385080684,0.4975187721,nan,No,No
CUST09003,2022-08-31,40,Female,Very High,USA,9,23.22671743,353.3251505,Food,Clothing,0.1972689192,,High,Yes,No
CUST09010,2019-05-15,60,Other,Medium,USA,6,30.66442879,296.9077798,Toys,Books,0.3964172203,0.1996806516,Never,No,No
CUST09045,2019-01-22,18,Female,Medium,USA,6,10805.53963,567.1983397,Books,Food,0.2697291308,0.7018138274,High,Yes,
CUST09050,2022-12-24,31,Female,Medium,USA,6,58.62101412,399.0420209,Food,Home Goods,0.06296789344,0.3811543079,Never,Yes,No
CUST09060,2018-03-23,43,Prefer not to say,Low,USA,6,456.4897049,2675.562783,Toys,Food,0.338598609,0.0701035458,nan,No,Yes
CUST09081,2018-01-12,23,Prefer not to say,Low,USA,3,119.5397757,428.2942739,Beauty,Toys,0.2302141432,0.1190357913,nan,Yes,No
CUST09082,2021-11-28,40,Female,nan,USA,10,11.83324325,218.2922852,nan,Toys,0.4741240011,0.2261009734,Low,No,Yes
CUST09101,2019-11-05,47,Male,nan,USA,1,91.31586996,156.7212874,Toys,nan,0.2461014881,0.2848026569,High,No,Yes
CUST09116,2018-12-07,37,Other,Low,USA,3,276.4647082,667.7266987,Clothing,Toys,0.616044012,,Medium,No,No
CUST09123,2021-07-24,62,Male,Low,USA,7,36.94066857,363.2871087,Clothing,Toys,0.1911885607,0.063089108,Low,No,No
CUST09127,2020-04-23,20,Male,High,USA,1,14.9237163,36.10927247,Food,Beauty,0.06825080009,0.2739809014,High,No,No
CUST09183,2021-07-02,21,Prefer not to say,High,USA,2,80.65542286,193.970533,Beauty,Electronics,0.09800538026,0.2300760862,nan,No,
CUST09195,2021-08-27,39,Female,Medium,USA,7,38.35946729,367.6828064,Beauty,nan,0.5490841671,0.3168937788,nan,No,Yes
CUST09220,2019-02-03,31,Female,High,USA,2,29.35579955,56.62139776,Food,Books,0.314039199,0.03442297523,nan,Yes,
CUST09241,2018-04-06,44,Male,High,USA,1,47.19763562,155.691857,Electronics,Clothing,0.2627673778,0.02677201092,Low,No,No
CUST09255,2018-03-31,52,Female,Very High,USA,2,9.002963009,138.4371004,Sports,Food,0.2379788878,0.2032601829,Never,No,Yes
CUST09261,2022-01-04,41,Female,nan,USA,4,22.65120162,108.8110057,Toys,nan,0.05363263953,0.1185647069,Medium,No,Yes
CUST09274,2018-09-10,38,Prefer not to say,Medium,USA,3,245.755783,846.1976504,nan,Home Goods,0.247380624,0.3520361664,Low,No,No
CUST09291,2023-09-25,38,Female,Very High,USA,4,159.8572977,704.9766128,Beauty,Clothing,0.2391504888,0.5455788162,Never,No,No
CUST09350,2021-08-08,24,Female,Low,USA,1,193.8854322,298.2474737,nan,Books,0.0109071029,0.1596855376,Never,No,No
CUST09409,2022-05-14,34,Female,Low,USA,6,21.82593527,192.0843501,Electronics,Toys,,0.04607516963,Medium,No,Yes
CUST09419,2019-06-22,37,Male,nan,USA,8,41.70158752,285.5107945,Electronics,Toys,0.4137164561,0.2315001562,Low,No,No
CUST09430,2021-07-20,48,Other,Low,USA,9,52.73267657,678.9086639,Sports,Toys,0.2955188085,0.1483955739,Never,Yes,No
CUST09435,2023-08-30,52,Female,nan,USA,7,35.02029363,208.235699,Beauty,Sports,0.07882461032,,nan,No,No
CUST09443,2019-09-14,37,Other,Medium,USA,5,21.97287874,35.83004145,Books,nan,0.3966898756,0.2213384604,Medium,,No
CUST09444,2023-11-06,26,Female,Medium,USA,7,3178.555981,344.8193788,Beauty,Toys,0.2539632303,0.547038068,Medium,Yes,No
CUST09455,2022-04-18,39,Male,High,USA,4,22.73168627,96.17287081,Sports,Home Goods,0.566870446,0.09183320568,Medium,Yes,No
CUST09463,2023-10-19,37,Female,High,USA,5,642.7065921,3271.535428,nan,Electronics,,0.3671010141,Medium,No,No
CUST09467,2021-08-04,51,Male,nan,USA,9,16.28838555,153.3468035,Beauty,Toys,0.2172956109,0.2309090891,nan,Yes,Yes
CUST09501,2022-10-22,29,Male,High,USA,2,46.35513618,102.6833082,Home Goods,Sports,0.06349565389,0.4462917744,Never,No,No
CUST09524,2021-11-13,37,Prefer not to say,Medium,USA,4,8.501628336,227.6025833,Books,nan,0.156143393,0.3094459872,Never,No,Yes
CUST09534,2023-02-24,45,Female,nan,USA,3,202.6354017,755.7968744,Sports,Books,0.04103386251,0.3550710622,Medium,Yes,No
CUST09569,2018-04-14,45,Female,High,USA,6,119.7065267,699.3466875,Beauty,Books,0.1096943965,0.5631623993,Never,No,No
CUST09612,2019-03-24,41,Male,nan,USA,5,108.611943,651.5589951,nan,Electronics,0.2442473281,0.4572190536,Low,No,Yes
CUST09648,2019-02-01,33,Other,Very High,USA,9,72.99111877,688.6179732,Toys,Food,0.3978531119,0.2310390727,nan,No,No
CUST09686,2022-12-06,29,Prefer not to say,Medium,USA,7,115.5464525,783.5312694,nan,Electronics,0.6655289011,0.5867485441,Never,Yes,No
CUST09725,2019-05-02,35,Male,High,USA,6,25.56693923,85.70454424,Electronics,Electronics,,0.2200265332,Low,Yes,No
CUST09730,2020-02-16,19,Prefer not to say,Very High,USA,13,272.5563596,3568.671032,Home Goods,nan,0.1528397915,0.4101327684,Medium,No,No
CUST09733,2022-02-07,30,Female,Low,USA,8,23.75708715,348.5165369,nan,nan,0.223669294,0.1526761719,Low,No,No
CUST09780,2019-02-07,33,Female,High,USA,3,112.1531584,219.5168037,Toys,Electronics,0.6485066581,0.3445182075,Never,No,Yes
CUST09783,2022-10-24,49,Prefer not to say,nan,USA,4,22.26860147,125.814251,Toys,Food,0.0782329166,0.5594379607,High,No,Yes
CUST09802,2021-06-19,47,Prefer not to say,Low,USA,5,9.580748335,90.16762073,Food,Home Goods,0.4102817281,0.2283745894,Low,No,No
CUST09806,2021-10-15,28,Prefer not to say,nan,USA,10,63.76468137,679.6597039,Electronics,Food,0.3757413676,0.07539453114,High,Yes,No
CUST09832,2020-12-01,28,Other,Low,USA,4,18.60192337,49.11327193,Books,Sports,0.01691713493,0.3576670624,nan,No,No
CUST09835,2018-12-31,54,Male,Very High,USA,7,10.65077758,57.53290891,Food,Books,0.1531327578,0.1403165831,Low,No,No
CUST09858,2021-09-03,48,Other,Medium,USA,8,46.47676982,330.1500708,Books,Books,,0.03304211676,Medium,Yes,No
CUST09871,2018-09-05,55,Female,Medium,USA,9,19.19707831,193.197273,Sports,Clothing,0.4860103239,0.4884074345,nan,No,Yes
CUST09872,2021-09-03,48,Male,Low,USA,2,12.36594159,34.73223969,Books,Books,0.677176349,0.2965108557,Low,No,
CUST09873,2023-02-02,59,Prefer not to say,nan,USA,4,143.0747999,583.0939624,nan,Toys,0.5295513176,0.2193657944,High,No,No
CUST09886,2019-06-06,70,Prefer not to say,Very High,USA,9,97.85953067,993.6776445,Food,Beauty,0.2566951874,0.2261223071,Medium,No,No
CUST09890,2022-01-22,49,Female,High,USA,7,7.364318894,289.5671056,nan,Sports,0.127357083,0.3191550157,Never,No,No
CUST09899,2020-04-03,52,Other,Very High,USA,3,58.68647536,131.5195161,Books,Home Goods,0.1744470419,0.2902347699,nan,No,Yes
CUST09907,2019-12-08,21,Prefer not to say,nan,USA,4,67.55201224,129.7341102,Clothing,Books,0.2330378231,0.3459467158,Medium,,No
CUST09910,2018-05-14,48,Prefer not to say,High,USA,1,187.3138748,139.4255239,Books,Beauty,0.3700780514,0.4281402786,nan,No,No
CUST09919,2021-05-22,57,Other,nan,USA,2,155.0624943,323.4213731,nan,Food,0.3933526468,0.4114827937,nan,No,No
CUST09961,2019-04-11,67,Other,High,USA,0,33.37478615,47.00541034,Clothing,nan,,0.4539367501,Never,No,No
CUST09988,,33,Prefer not to say,Low,USA,3,5.032301359,97.68290952,Electronics,Toys,0.09117462537,0.1423174522,nan,Yes,No
CUST09991,2022-01-06,26,Other,nan,USA,3,67.13042314,303.1349593,Clothing,Electronics,0.3499483616,0.3576041743,Medium,No,No